,w,x,y,z
0,-1.494549886647443,1.7592886151071154,5.141853260632362,-0.3948945047536767
1,-2.2949979404764598,5.2333984612884,6.630356382569666,-1.8653694781405443
2,-2.3000084373034806,5.325657142242112,6.046011467258619,-2.3104787970936
3,2.0365101441108413,4.013274272785035,5.6792550112412385,-2.106525945028765
4,-1.7946071781933133,2.602814269235745,5.029331207484105,-0.34033487153297504
5,2.076753890786925,3.938992120271279,6.057649229288141,-1.5633517665271732
6,-1.2066291267726155,0.9342262908924965,3.6573479860128617,0.2713362085603135
7,-2.3254242265894436,5.305641156406,5.378388288037194,-3.1818159617875823
8,1.3921213409241684,1.7760984243737086,4.6388816600870495,0.15467671828325935
9,-2.2267563909152717,5.519208472862179,6.367075567955313,-1.7863107328257237
10,1.7870798920936144,3.4913534961052712,5.511359956948837,-1.4215227412803446
11,-1.8016091979419935,2.6447117033530496,4.782931864075221,-1.4266740910092186
12,-2.897616913942527,7.49081847326261,6.138083146147432,2.5193365139718047
13,2.078439604197701,4.483015723632862,5.537972189343447,-3.7506108634285047
14,2.568560254829766,6.375487303461102,6.801229316899792,0.4026113332758019
15,-1.6722451163446879,3.5806966068287833,5.038158233654277,-2.5579865991068074
16,2.182526435906227,5.498545719322443,5.6172827079656855,-1.6736296750766462
17,2.6451433849263974,6.403321583363125,7.411648899147371,2.2199485332401743
18,1.7018866740382688,3.026881411644683,5.81897846291061,-0.9294231046646115
19,-2.233902172788973,4.509617661415147,6.772555147938039,-0.27727923323047143
20,0.3802896675454801,1.127944249315018,2.1652163232319923,3.4740646383065386
21,2.3578902797109613,5.319074502683093,5.50108352689201,-3.85381825121959
22,1.1948200425009183,0.8112985194805804,4.310948766234721,-0.6697119200392272
23,2.8232518916454623,8.322556051939618,7.317725174464421,4.249440738327418
24,1.091529534958199,0.8986847021430611,4.489829082522268,-0.5576207892993301
25,-2.1432047912380354,4.096505171684875,5.7659443190047,-3.3919356433050147
26,0.07709356954651092,0.6702374497745268,1.0237837267209295,2.423950136346228
27,-1.8837839182618599,2.6527504470922727,4.664294417176934,-0.8551300268045319
28,-0.3824331482850871,0.9686838653445468,2.594011817554089,2.2797855249409835
29,1.5740710518907175,2.821482720446908,4.433822943072375,-1.9555353416648398
30,-1.5989257184814942,1.7479212402592454,5.328957276606215,1.3277598768604018
31,0.777855243492926,-0.16811991880752497,2.5890284374076757,1.5456115722551553
32,-2.9367109309532116,9.289788853131911,6.6552259650004775,1.3507354600228105
33,-0.23163704293017107,0.23851072498766304,2.4371428065010923,1.261136809326202
34,-2.775679440786564,7.493840549363792,7.277922578134291,4.525993841123055
35,-2.37511420073342,5.792295288359602,5.565768250231116,-2.815104605116079
36,-1.8550669634569996,3.255553857275059,5.429333182871493,-0.8275941055156699
37,2.8873351472451025,7.878734670701207,7.242234671192612,4.605115922500374
38,-1.685934620066962,2.258758567702859,4.595058320873304,-0.8436347708548944
39,-1.851652458760732,2.9873155836658087,5.92246110732254,-0.4074236501087765
40,2.8788515534774897,9.192755030869472,7.060224581187862,2.3098086797086124
41,2.8744359918920876,7.92872044130924,7.267312306377829,3.920519417367448
42,-0.4543686459400966,-0.27661515033466866,2.9901743845881494,-1.0917656174653758
43,2.2399827157782752,5.488836359033364,6.960358719187601,-1.1095062128684516
44,-0.8205272195280431,1.531286547624105,4.454852326637628,-0.23009792059699374
45,-2.529186748411139,6.092992546821778,6.511757637929845,0.2900155726885645
46,-0.9459493524478408,-0.01685716879800414,4.767594290649229,-2.5315671024698414
47,-2.9336191586197886,9.147052967183395,7.824425716654036,2.7777894048563034
48,2.1112936475690676,5.268758284409278,6.27376992913294,-1.9213019636296693
49,-1.0217114934165046,1.7281066726869625,4.415187596889922,-0.038795553282188866
50,1.8131623548669422,2.308850795685444,5.251577039070636,0.08222625485647428
51,-2.3992825036587,6.526527618010279,6.259162241556456,0.2712523547600872
52,2.232650142354654,5.188879398800259,6.870202255562758,-1.039732581678306
53,2.7622205407050275,7.902710609601345,6.17214060495571,1.5915594494777783
54,-1.5384290637058224,1.778281410891069,5.145929544550157,0.8286354209577809
55,0.0737583800870012,0.880486299381125,0.6189149994060141,1.8581325063590284
56,-0.3766239193201377,-0.277935344604499,2.1951550896989387,0.08896569488201744
57,1.0269050252075358,0.07951157044567214,4.246481861145459,-2.2644732179230846
58,2.4602658990436783,6.02810450024419,5.443382315084936,-2.0162230428859087
59,-0.2075794061554559,-0.32714164613781777,1.409617063013923,1.4832557463006508
60,2.1933139114074356,5.51818551325602,6.518449778063907,-1.7208485466237904
61,1.5043305529706634,2.19635944012361,4.412330136023813,-0.5429396356781109
62,2.078836771364461,4.6338943868916465,4.821599416139817,-4.858216787565966
63,-1.9491826380347737,3.195868965085535,6.358015380074989,-0.15479100306295257
64,1.6877775154570926,2.527547199002059,4.731307072925267,-0.4792323459532293
65,-1.1557597816977674,0.9694271153701937,4.697933980791896,0.17386018650586443
66,0.27609215540238985,-0.682741378250255,1.6030736655474622,0.9128449370032841
67,-2.6429582413487624,7.730266701299454,6.366757944072846,1.4533351568234747
68,1.6077337490173935,2.1985787243968664,4.470398594221096,-1.1434055939240808
69,1.9250024819241647,2.7576649740007944,5.544898530444309,-0.2320693942901676
70,0.9280327513684576,0.8544958944358227,3.5450816931958142,1.3206352119836482
71,-0.26123168068177627,-0.6478379327893626,2.2361328149560604,-0.5092380256882658
72,-2.607684471185854,5.884384355590187,7.263948959149376,1.2516519974139628
73,1.309095487901848,2.7051309823799876,3.74607361401483,-1.1831884310146954
74,-2.1429698784748474,5.256519959280297,6.197950434558454,-2.4310866795973864
75,0.7504942571179933,1.3663213125545313,4.052807364496767,0.5857596713105797
76,-0.23679087343657645,-0.002143376648218377,2.5618300744029927,0.9904836673249353
77,-2.793026276466856,7.002846592908802,5.8299684877904445,0.31064486436382943
78,-1.795141972466709,2.446452313785703,4.660888214982338,-0.009374921374928569
79,0.5666441584250461,-0.43892429403175176,3.55672560901609,-1.8799133828913843
80,0.794837171038898,-0.3098273522330671,3.7482453435806713,-1.373525905351017
81,-1.3745743366386558,2.5395678070696097,5.1633591081839105,-0.010944994148807341
82,-1.989965738966523,4.555077442030276,5.5996354727162725,-2.6906864209440826
83,1.3458011282593434,2.436714153864984,4.188396263027624,-1.1226043342767826
84,2.1711767882299045,4.888964103123614,6.330874985047966,-2.814289666215626
85,-2.6825384937652546,6.273018072300188,6.503042160600178,1.3734950553744167
86,-2.5988181256652174,7.368629599874209,6.854529040871243,1.9341108416097565
87,1.0221825548509482,1.5656224364094797,3.2748824417144986,2.2031440190427882
88,2.5361856940887106,6.809081863563935,6.156344313706414,0.409454116303996
89,-1.8680391792798212,2.8059985882379057,5.788816665719835,-0.8033435320506018
90,-1.9035251226354202,3.8603319817971675,6.085588978350126,-1.2536089595710374
91,1.7790316466043539,2.2825842122579347,4.414154020751335,-0.6383322475176867
92,-2.4302442883450093,6.4769467076026235,7.20155209399516,1.6199064273204602
93,0.9467832311665711,0.45708693561121905,3.5449939923320226,-0.4811607751909348
94,2.7109063878575297,7.185037034692002,6.100504314037816,0.31108739110391537
95,0.8597903026770561,-0.17454860316056797,4.531827222473162,-3.008581393704942
96,1.5020419808355996,1.6903140128808334,4.066796422616706,0.690112313434438
97,1.388958039117803,2.9015286179873154,4.4704182886569335,-0.7060765944966196
98,0.2908534118490653,0.031073973015652387,1.774577274276413,1.6176405658836674
99,2.1981488291179243,5.464835350818996,6.587745918286329,-0.4014146693152577
100,2.876896509454494,7.643903537575397,6.045787988479471,2.2870218836587446
101,-2.163279536987061,5.245972859746973,6.553513942573922,-1.5235423188888764
102,-2.902044807967154,7.480030212644381,6.895553617420864,2.703297599392754
103,0.6616365596573659,1.3055479930335947,3.3541419991642756,2.484254290873649
104,-1.32588760635196,2.6509966329790844,4.9534173142995455,-1.1877096658702895
105,-0.5578097360171737,-0.30807037791168534,2.6412498087627685,0.5290395725012312
106,-1.1336765296896791,0.6819750300024994,5.199207393665346,-1.2348483099607528
107,0.7369515225544796,0.6278365861460827,3.967583844869427,-0.35150854787736674
108,-1.436818352297893,1.7542711752333333,4.4488146955847725,-0.10563753500046835
109,-2.9084802191523185,7.794161338048537,7.6664705313276595,4.564750472716921
110,2.0444796520801294,3.432814815659518,4.893809826868002,-3.149115025269369
111,1.0927815364670606,1.351566859506812,4.940767693250102,0.16774361118452075
112,-2.8015829306634945,7.53049603605119,7.255493963629865,3.112993454024155
113,-0.3001072268916847,-0.025138286498900222,1.2417593723571332,2.45760758040406
114,0.5764241514864761,0.26468813474398467,3.369212688938045,-0.6655166672693087
115,-0.9377444683075558,0.7173284326261758,3.0090524643663805,2.0032710402203513
116,-1.9965913788852239,4.7742290607470546,5.860181840014482,-2.9918599310209473
117,-1.8265553290508456,2.968256418787065,5.477035863171711,-0.35859639350207306
118,-1.16437657184365,0.47283695263147063,3.6305035987545557,-0.9949639155263881
119,2.454383928864532,6.408915041208828,5.969505321719465,-0.8720263972886226
120,-2.9407520859303355,8.636740796815664,7.756044376784851,3.4622985463960374
121,-2.8041074736597444,8.101342979805445,6.872952531972917,3.172992735308469
122,-2.9844861857983567,9.027040751564233,6.574663995396948,1.3985510790510576
123,-1.1043713361356529,0.9630035915704172,5.183256450476875,-0.5058562442016044
124,-0.850770809882563,0.8502737496129796,2.845469122916471,1.224122648690321
125,0.5725023725274787,1.1133488321621425,2.8178253663278117,3.116987944898005
126,2.150626526259277,5.4770540001974535,6.823189843801397,0.20291153498100312
127,-0.8709340472328782,-0.08208638927802114,3.8773238883188776,-1.5951076464974494
128,-0.8104768738667123,1.478152335000399,2.8347249783493673,2.768244565227194
129,-2.062172317919096,3.755971282451223,5.82135952476638,-1.1885422992984225
130,1.4453311214416633,2.813703577781893,3.9438491697847846,-0.34758645828949
131,-2.3010020095117456,5.405241476828342,5.342557649085011,-2.4728863493882582
132,-2.0041984116631735,3.2425502155686177,6.042374603783575,-0.17018014260692294
133,1.934051192606523,3.423663283095128,5.236441623477468,-1.8861222872959116
134,0.22890912748702608,-0.7921377595577163,2.0883470255345435,0.45489384237697505
135,-0.706171651091867,-0.3069335578643032,4.0274859839267405,-2.5811738886780056
136,1.3816106733454294,1.3674685029852096,3.767484588301745,1.3550433286944081
137,1.5798420917252063,1.7245974775728048,5.30215346702387,-0.1689334505650122
138,0.05410582523424967,0.49066911651741996,1.4379398618460923,3.7886760120429885
139,2.6596262855788195,6.331142784034161,7.2387970128949455,2.4951062212518886
140,-0.7790463718446539,0.5219752949443127,3.9160352382828227,-0.8503710203693395
141,1.21560916190034,2.160861467996427,4.307171892974483,-1.0397026829463962
142,-1.5827457467677735,2.1327299306213483,4.285699844264028,-0.8229489333655429
143,-0.5966776390712809,0.22487150085783275,3.5010290652629545,0.2749004123687494
144,1.3057121133383607,0.9577201493934628,4.325146709688612,-0.8006813611268648
145,1.0052377437937663,0.5743449839290273,3.9006312660096008,0.02374585438875254
146,2.4611400525727323,5.197361469237649,6.691455492741254,-1.4566438525937713
147,-1.0861688687942723,1.0355654054066872,4.135845921823102,0.30764060602492194
148,0.26556590222766774,0.5296132458437736,2.403426772852683,2.162705781913656
149,-2.7635203045846826,6.828399122870465,6.314319739433726,0.17869556364998673
150,-0.3081602544827664,-0.8729529797840236,1.7519542009995839,0.32836350613242504
151,-1.2767732043377302,1.19677705649901,4.697498053282306,-0.6710480899242763
152,2.255372760509365,5.879819497323727,6.25945546801153,-1.8114927740330553
153,-2.8888020943049244,8.650264756785562,6.398269543565475,1.422107648267567
154,-2.981463896179992,9.365635835193498,7.8532864845970085,2.9803426526070993
155,-1.0814575452563668,1.88837105380331,3.6302013515234686,1.7724077792388264
156,0.07973771894784232,0.14088957667267868,1.007415403371546,2.430475225142403
157,-1.5354331127066574,2.6467197383090264,4.699748451335543,-1.3319827389872343
158,-0.32162823052053247,0.17219523491039973,2.0050018548006676,1.4473514897005166
159,-1.2165008327293607,1.521265063673647,4.485888664681311,1.0207615277421336
160,1.8644387751090221,4.0036105515537725,5.875030856061844,-1.5654399495798599
161,-2.292415476508527,5.461618331146376,5.499539464240552,-3.6673149948442783
162,-1.7124383249185713,2.1386405445316035,4.83301822793936,-0.2317145581055804
163,1.3088737289818972,2.6125133214104657,3.88989425189983,-0.011442928706088207
164,0.8401419815394391,1.6537477887023908,2.7783215168130244,3.647715540848804
165,-0.9337956059501868,0.5749428389728107,3.412310854049351,-0.3546902311909774
166,-1.8551260160794256,2.73721368634248,6.281091460717337,1.2850432837917247
167,-0.4665848004400872,-0.4454583475081978,2.7582734749200917,-0.46753393165966506
168,-2.235090646694613,5.326463881227532,6.282855925290452,-2.5212981301740216
169,-1.9791909959557676,4.302008105758587,4.971953496798527,-3.6742505378748
170,2.738286252481535,8.322214752179356,6.475494587341423,2.539091642335219
171,-0.024762999193606916,0.8373013646190516,0.7127900555734779,2.4455990878412566
172,0.2613747182464108,0.24265511673328616,2.744672997359338,1.2486676830467756
173,0.6056287957411364,0.9542371925272504,2.95207744141878,2.5781318654615863
174,-1.422491946926769,1.5805532013638206,5.433670322043973,0.583028503021628
175,-1.4967601583321108,1.837246863750257,5.822852840255363,0.3862661575068709
176,2.043558352571192,4.803240921155803,6.420729595712626,-2.5672030060120203
177,0.6234076911933304,0.915585178426106,2.943838422426409,2.365447028905617
178,0.1620215678701893,-0.3377454574641438,0.9163160836318678,1.060630591239833
179,1.0589413290517067,1.0015272832943696,5.054204717241123,-0.8003729890837628
180,0.9911363422606598,0.7280357818065157,4.933356021802069,0.3533955713415946
181,-0.446194685603297,-0.26770040981458326,3.6299894870564584,-1.2862215997912725
182,1.2197150933740124,2.3123476039498323,5.062301823252179,0.33007859922040894
183,1.1539465241296085,1.9653504348367525,4.237297856270162,0.7475008596239254
184,-0.6070135657031761,0.17204812370435946,3.535738405758326,-0.9486670842155112
185,-0.17792707680469544,0.7736853003962839,0.8605741908972215,3.328198287450774
186,-0.14493868305263202,-0.5396569795437073,1.0068726236352554,0.4037235814674105
187,-1.5840808959410413,2.523162461970193,4.124624582666744,-0.5777834680962537
188,-0.8257429463020802,-0.17639776070529778,4.599087027129219,-1.8333833346776167
189,2.6271422352858584,6.487042939575943,7.482168268484285,2.758028003042271
190,-0.2978513696054512,0.03732224727680694,3.1720221101504578,0.7427681404092745
191,1.0158077452492993,0.20779525619895378,4.415346693437056,-1.8421653839670844
192,-1.1121638842790789,2.2342843736135016,5.020082651174084,-0.958027633978169
193,-0.6462222286342012,0.9029244465845556,4.172856781904771,0.06353303044141945
194,1.1207735789554452,0.7881017865913975,3.393001115491278,0.8100147054889237
195,1.1651714749385738,1.8753311735531084,5.132393446138622,0.25386744309303966
196,-1.0045079952584806,1.277121974589295,3.2751466451411053,2.5565968143372357
197,-1.8992263065865551,4.024158227992128,5.654668174952587,-3.7136429752143267
198,1.285363509977124,2.3610064583777373,4.920311749943478,-0.6166925638924843
199,-2.4397440536030617,6.6221175780198545,6.001304479251305,0.26225211348880506
200,-0.12791283810853926,-0.05011922532343084,1.8144484422054055,1.3020365047454996
201,0.12257002310479237,0.5663599756179836,2.2645743126141626,3.367347710311785
202,-0.5008649160802676,0.2862284775563844,3.7778868220760207,-0.8321696023178509
203,-0.08068511356384978,-0.5254066647843234,1.2580074327917166,1.3200844796894118
204,-1.562035535684566,1.8792288845216178,4.661179987635912,0.6160118162278425
205,2.4816246585912314,6.45962053999893,6.356159157711318,0.2727262758793271
206,-0.6815962616471714,0.6695226222998931,2.8034099963113444,1.6713338049496107
207,0.9171425336577474,1.1490433792759793,4.40653487590631,-0.6920958005552529
208,-0.5833658630544898,0.24394682919083005,3.495583253134707,-0.5075151343297902
209,0.93637902919754,1.3210823315436728,4.055065435645124,0.7178843840827593
210,-0.6161717498862247,0.5154049741153216,3.6540446792539862,-0.8130554989731456
211,2.478618550415696,6.007914311365565,7.284724036432708,2.1074453431139872
212,-2.2452621129278882,5.643724207526551,6.675097953124544,-0.6184512291884283
213,0.8110202118354195,0.19258516965756178,3.184409456677008,0.7140003884387929
214,-0.18610487553499988,0.7830111513156918,1.060491810908805,4.143341963683037
215,1.111684549728425,1.7719742738782425,4.453717532785829,0.4599948613921925
216,1.0659485915854798,0.29590469541474773,4.911985502866246,-0.5487228114883249
217,-0.22023464951119287,0.7080579832638878,2.6868928162504284,2.2874298774644455
218,-1.3788262518342551,1.773205671631175,4.8455557297208305,0.2452433409207324
219,2.61808167376019,6.9858857411570785,7.471009346668909,2.3463196056789477
220,0.14332219508486288,-0.9349590099817452,1.6641972945573489,0.9690484452710668
221,-2.454369534254874,5.268389456716467,6.402593917118881,-1.1532092573296466
222,-1.8750789888213903,2.8246284412333553,6.166532628044765,1.206220384452124
223,-1.2473886515354244,1.281010382244684,3.710912571833836,1.631923105918458
224,1.1605432126625708,1.3929014457386122,4.033973339909831,0.9754484276292821
225,2.9780665817831933,9.061570222801876,6.672871227160469,2.4263426353018973
226,-2.404340200505213,5.931418831442717,6.042110908919578,-0.4402087384138851
227,-2.976712082220965,8.064625027586546,6.523554383402801,2.265671412270729
228,0.9950547923601691,0.2413488365093055,3.6949564175995215,-0.9600888445002729
229,1.8630497826893544,2.8032187997744464,5.839957629687902,-0.3605576477983101
230,0.6637696730097842,0.6581501015237962,2.860151652841427,2.665155572708568
231,2.5587355414877067,5.611657306840383,6.609666298908347,-1.250082394866139
232,-1.7958028546586509,3.161565854523714,5.774908744453138,-1.7668507819713741
233,-1.6560446999038232,1.856067366224541,4.376010672656579,0.5865133865991399
234,0.32878955048991054,-0.21350145763559406,1.9690723529167955,2.3899471785833013
235,1.6067775047583206,2.3373214423992295,4.1646946002205105,0.6153787617112985
236,0.08530378404655359,-0.2692036184525819,1.8298760986834863,1.7543178074455872
237,-0.5876797781435279,0.1546134846467147,2.856296976617954,0.05347689831144553
238,2.4754256814191127,5.56779735615673,6.7438024417100415,-0.26194011886374957
239,-0.47441796231067634,0.18173988997752918,1.9383717969899987,1.754847680688705
240,-2.8479366917087665,8.289269619405335,6.113977320689439,2.201688340040228
241,-1.9004478586437958,4.393532182448415,4.6320288001667045,-3.2889573111120765
242,-1.995211792120985,3.2381993030370735,6.5732784601399254,1.3695154785128711
243,0.1893328396398566,-0.018916921106605637,1.8935395603198806,1.4769063830047295
244,-2.6271293182029227,7.06792610768932,6.172536274707655,0.4421367812849768
245,0.8932291577135785,1.3816444710849756,4.391410559752556,-0.37773780424402337
246,2.956799806498399,8.381617695857136,7.751333408859198,3.381611703688809
247,1.3332792869476275,1.6907277486564831,3.6608869089896476,1.7104320481203454
248,-1.989587979559449,3.1832168615344774,5.49421790021812,-2.1712500261308287
249,-0.8312694999722883,0.6935401460611147,4.061070979067542,0.17050597620321883
250,-0.6598595712198021,0.9760913831422977,4.182852128611571,-0.3089426226762111
251,0.4616186157687143,0.35957569389934796,3.4035625031630845,1.1771828627316894
252,1.276649034982329,2.2703642304713014,3.543727122669343,0.24192754212290735
253,-0.08541578332344457,0.03901840008480569,1.1390383542659817,1.3146857029196324
254,-0.025397465273010233,-0.7244260790230407,-0.2935379155593212,-0.9359565885412124
255,2.3119137418478166,4.404302654693464,5.394584636569083,-2.799160206785489
256,-2.201897239583918,4.924193134552834,4.966608140229155,-4.016262404761902
257,1.964877263896514,3.911003989019778,5.51876943160165,-3.3425262832015337
258,2.032656514865068,3.473183536718805,5.434727943087866,-2.2153509603607717
259,-2.307469225096366,4.621354539536042,5.816268347507697,-2.473458348386097
260,-2.8973055504089835,7.460965973814335,7.003130390325888,3.309659464357239
261,1.9001554172660295,2.801385939050931,5.723674948673324,-0.681095166723037
262,-1.9588409816720007,3.051990045853872,5.936695819822191,-0.6604885215975846
263,-0.286185154901168,0.5583679724617717,2.732168909545096,2.0956474284082107
264,-1.23377027548237,1.9170080647887062,5.176943865935731,-0.6583227787332018
265,-2.689250178075704,6.847939361935802,6.619623036891609,1.959254977740415
266,-2.514305259827718,5.483606509379675,6.8143549794908544,0.4914850590010924
267,1.2212638751910294,2.1954919919740017,4.75033647131778,-0.3393580927779485
268,-2.125208497143841,3.6835404778825036,5.814596345673616,-1.6573358049979174
269,2.4285454939551654,5.482940104316676,6.38937574775618,-2.22254818460209
270,-2.928850645000572,8.41276033415151,7.034570035222468,3.6512226989667727
271,-0.2489102205841749,0.1379029577170589,2.5635482577852025,0.8951988072446779
272,2.2857229756470927,5.350529886172843,5.450693143067984,-3.55269041167982
273,0.9830890380700179,1.5643434588131266,3.6247572973890936,0.49322320962135824
274,1.9845851095336355,4.451022515916474,5.882905827602052,-2.920661344383301
275,-0.4941037049954202,0.7826586747437494,3.2102925237440734,1.3033430211450776
276,0.19220336516292758,-0.6671601203985073,2.2107947712343536,0.2558829483781635
277,-2.337600550606977,5.691890196263582,5.89296773298342,-2.3790645553948324
278,2.260538349368157,4.206245968033306,6.230280598734559,-2.6445177494248515
279,2.642826150920822,7.1799726450718255,7.3030370668524816,3.537892206879514
280,-0.6536647145131602,0.3051825656151384,2.337176325133088,2.473449450183927
281,1.1764216350265135,1.8091756883465335,4.868027528107639,-0.9049635863873653
282,1.4669171167814676,2.540550377962157,4.410910525846427,-0.9878158505353303
283,-1.871194830417066,3.824411382117192,6.197335209331661,-2.060107387966097
284,0.9445210650161329,1.5345475547936125,3.076447129464647,2.470989785121558
285,2.885201395571661,8.482954800861851,7.787932609158411,3.3327861797662326
286,-1.8204755295694621,3.81282285643902,5.892105627060492,-2.298601185928204
287,0.02968820262037042,0.18882465245749958,1.0312897402752639,2.345517333557659
288,-1.305631480821495,1.7458303538953,4.179435667239728,0.7415108398183987
289,-1.7183590251445147,3.4003271907013155,6.222825324150547,0.17929143123945812
290,-1.8257220377149204,4.231906133521495,5.066465133029553,-4.032540552694052
291,0.9463576290787703,1.1805579349183453,4.511994596597346,-0.3334743132185485
292,-0.74399979778409,1.3271464740204326,4.174661681679799,0.9376518312570281
293,-1.3882483625608963,1.7449481544564573,4.181945080208215,-0.2947898087983636
294,0.7535850757532225,1.3941478585398293,4.332508130820175,1.0989582393418045
295,-0.9622748156248533,1.7524429159287864,4.754783104237207,0.2892598682121177
296,0.49130304033890493,-0.2893636114570872,3.750034078938441,-1.3773320460659062
297,-0.739064814620936,1.458753431109221,2.608412952745155,3.510108689298635
298,-0.6711931106881073,0.013368684932705655,3.7929720975911057,-0.2952627419986025
299,-1.2397268215858976,1.8663415426488317,4.825159387654682,-0.6295633946018016
300,1.8379363804763411,4.186730764250182,5.296098168969051,-4.148366929374306
301,-0.9783300454272816,1.1043098657792338,4.955865278577795,0.5392104404534173
302,-2.0888526887249856,4.365758521260219,6.231208393266362,-1.5071569057029794
303,0.0027384057433090803,-0.9277639985308623,-0.3306575292677475,-2.8214564884344817
304,2.3571309644544067,5.240461852343273,6.301314399110087,-1.3891035563462482
305,-2.9046825975870343,9.369814906614144,7.165925505294282,1.6057192234164965
306,-1.9568848775253638,4.566566886622161,6.481429612185503,-0.9665451046988314
307,-2.956645960848272,8.818219311105869,6.756286573886117,2.3685295987728994
308,-2.0709083812443936,3.9959041332971905,4.864075116292778,-2.544507178283883
309,1.8809863536229612,2.829637965806427,4.993836758245581,-1.6637381316863817
310,1.4857624128046236,2.1199362381191307,5.0642923886011015,0.3060764985343498
311,2.7938682946588944,7.628021309262761,5.912372373152094,0.6909806468661857
312,-2.302641287408716,6.197097218838487,6.7183349858882035,0.6055771481958475
313,-2.0859784724405994,3.9114711822640507,5.344222903049959,-2.95990394742474
314,-0.8327876593494321,0.8929252478073005,4.216229659618244,-0.5945524503730053
315,2.1706983962883477,3.9610114923738866,5.228044857294813,-2.234576758350745
316,-0.8704454097837298,1.620331816699807,3.0196040665416026,3.076649206024115
317,2.785710494612819,8.405904123973608,6.724946966206879,1.8249498628598497
318,-1.6135196875224644,2.6801424286512736,5.6848697145839004,-0.2833365927765279
319,0.6176180594183487,-0.2865515874720423,3.2627988979583593,-1.4522539235510652
320,-1.4127998053844266,2.7884176882390435,3.8938085730246432,-1.445389934293424
321,-2.657601720921839,7.278595908962115,7.232817039947176,2.523834021712883
322,1.4566122822070184,1.429889836672506,4.883011141221655,-0.3964058607977723
323,2.7464487078176187,6.74534007200874,6.416323757363686,1.1674335969272631
324,1.3136062014236387,2.1150364632390355,5.297485717821765,0.6616457848111938
325,-2.0474454525329167,4.762384147977576,5.93937744135423,-2.7091391231783315
326,0.6529581983519952,0.29922765169111104,4.072947615227824,-0.4103288061435182
327,0.5771610631040831,-0.5241486294238925,3.816917609685007,-2.8002719271412833
328,1.1321081220688667,0.7736491640602696,3.3380629449722656,0.6006457265498735
329,-2.12260412898838,3.7002882373426766,6.515395310463872,-1.2088743247025957
330,2.2129087852259257,5.616729111279298,5.879698841293127,-2.6320050173436984
331,0.9042526648033666,-0.17654464982207907,3.42864829181447,-1.2466238667411154
332,-0.9478376575352785,1.0707017953136333,3.3027010104339447,2.272882649264286
333,1.3124147515806808,1.97233582989311,4.325512136045848,0.01698064882203809
334,1.3553486895093654,2.495615298277319,4.476724516923647,-1.5930275034642796
335,0.9361318682165565,1.492493470335698,3.6155924664101873,1.918134067264019
336,2.103899440131375,4.8044871249387535,5.111638837393248,-4.347002626903002
337,2.6530934277979856,6.981553000276298,6.750284053329662,2.1136842617947735
338,-0.5505591205191358,-0.6700295072175899,2.3469608915781635,0.8008983627592632
339,-0.448516595356935,-0.5326536202922586,2.974686073886377,-1.5089862431538252
340,-0.8776349198528841,0.8263129576864429,4.598703735870057,0.13547524553457024
341,2.5815265030288685,5.775343509264103,7.42663569849629,1.5047617789588565
342,2.977814697264071,8.44059559916006,5.907337269387586,0.8832599490758066
343,1.756783798668284,2.5461270690415683,6.200964981337122,0.19769293935281718
344,-0.118854228457697,-0.882844564180299,1.4482548958229349,0.28718249833750953
345,1.4469710556782251,1.654619196228207,5.300910425926975,-0.5078539221674105
346,2.7928033577777924,7.848134550822166,6.722776305811186,2.0930607581120544
347,0.5789964898349718,0.17761024907946465,3.2554421044157715,-0.7671615481231604
348,-2.9342559611236876,8.283278711727021,6.5458370094399205,1.5163367082723258
349,-1.756314319653492,3.8321618108178654,5.918859111542198,-2.7921933330820905
350,-0.1041053284821074,0.3164464950629651,0.7642764560773605,1.191562403948739
351,-0.04321303992986447,-0.5312193798410838,0.5278399785395806,-0.678586755879262
352,0.2633282853070833,0.6934003339917792,1.9846772979175036,2.4065791019381737
353,2.2449049088045596,4.748735574938329,5.695076509406404,-3.5312141120912943
354,1.5365881153627772,2.561884262466641,4.468777737767512,0.09089866158444426
355,1.651529812294993,2.555137908034472,4.728582849235831,-0.9257274196630363
356,-2.0449472133469073,4.4935186165956935,5.841860124208878,-3.1031055344061986
357,2.844445162651038,7.944013000304565,7.4218459123930325,3.8873147492298146
358,-2.7292485550483434,6.9892152595899315,6.551033286748298,1.185469945410033
359,1.7838783651273564,2.710627015023728,6.084498264856386,0.5759759827837151
360,-0.09532541358927737,-0.04426548566603514,1.0023102341869028,1.1127596769008328
361,-1.7484424660813114,3.0482632895797384,5.211989630253226,-2.5571263122525245
362,1.254518771769174,2.087067358874552,4.953879190436965,0.15672670241861653
363,2.688334585241371,7.8096744931028566,6.2362793501219755,0.9871019516790243
364,-0.06445513553308402,-0.9345231488246345,0.639287053896048,-0.6708927398860571
365,1.6824737883477443,2.718300006855572,5.6511277033692435,-0.6778339576681852
366,-0.26990476075041947,0.7090646981786426,2.8312062527764956,0.947540731664712
367,1.6809993104729912,2.450536291534635,5.1229733885468764,0.3718285017634504
368,-1.5230708716208787,2.8383283308703176,4.157603221165358,-0.25635139498577275
369,1.1458733457962467,0.944192924354823,3.4160890843241125,1.2266553383694199
370,0.8961377914652684,0.7995508291261076,3.611904791575647,1.2606281177999608
371,-1.7881374134461774,3.429618409632861,5.011200032545495,-2.334150328722404
372,-0.1341299977826207,-0.5191032438290808,0.752525393157156,0.09860261165238815
373,-0.7214696856579832,1.4555147932196788,2.7769359191213727,1.9781251367483854
374,-0.8747570290698441,0.03366365500387991,3.810702996000369,-0.19799209479037594
375,0.36874205569786067,-0.059857071366807846,2.505011192031877,1.3673610761489234
376,-1.520933704786199,2.743742192159379,5.2296385467039315,-0.7802559610447194
377,-0.20975350323554576,0.6734540854035678,1.051778163686358,3.3782672823229696
378,-2.776248820845666,7.2306528862979675,6.803157070750653,2.9839029509805384
379,0.8460339636504539,0.1701905721425092,3.7529150383282,-0.6305113298592344
380,0.4155522707120216,-0.22791587244241213,2.237218843335161,1.153728937787546
381,-2.4070364234305504,5.887119071755046,5.719244492225157,-1.3311934589729142
382,-2.252309566248732,4.335335716438499,5.164461498425749,-4.464548714152558
383,2.958382704702645,9.246812939849171,7.081946785253973,2.386193545894246
384,1.2563919902400684,2.3505572202250855,5.188282633411416,0.20018600071100923
385,0.2932382559642108,0.4374389969216899,2.0506853889385153,2.2584230587620704
386,-2.2114080101329714,5.700599880585378,6.331983631721906,-0.5079218208142908
387,1.122484926186277,0.8895633069294355,4.292144232674234,-0.2692607951375814
388,1.435046490219774,1.89071254393494,5.0186467232586995,-0.5762183304416155
389,1.1012320035998489,0.8994493045090155,3.99101372170725,0.7505013798474884
390,0.03858935732172686,-0.20940897173998202,-0.11564398716287261,-1.3050397311514663
391,-0.3772821353847,0.5844449569313844,1.8619269949717925,3.573808163136828
392,-1.823939559009669,2.7228050072178984,5.789025002290827,0.69859219224598
393,0.20294290391126513,0.8006234600273782,0.927225309727423,4.028289549956685
394,2.533706946628765,6.028293352233152,7.217281458187173,2.008140589474262
395,-1.8255467651546442,3.458854569933547,6.047731115152702,-1.7644474933861203
396,0.3441359186314932,0.5754597093920373,3.066339821522617,1.4405358155341614
397,2.5699865169240876,6.1050897149751435,6.5206696586183535,0.6806133640210543
398,0.005258582301451931,-0.16986807482424424,-0.5532683408450754,-0.7920413464407328
399,1.08752424421683,0.876424915338428,5.064950980760148,-0.1312012614194269
400,-1.600189332931096,3.08558876335558,5.919966623795753,0.03355002409286789
401,2.2716531691645585,4.916574606843961,5.9068242819346555,-2.2508388909233608
402,-1.3351739367334199,0.9964673133917505,3.8556813421889506,-0.593799894772963
403,2.5573379062889305,5.803844517354428,5.941814996298851,-2.2174478036922354
404,-0.3742614569738052,0.2951061116955874,1.5710301236850053,1.9514898037899056
405,-1.5132873779666567,2.3201203227447844,5.066154542189504,0.031113182032146414
406,0.06641159743509206,-0.5966034417354641,1.1696573516366566,1.345240204829134
407,1.717507203715999,3.414728393424446,6.240790379849307,0.21707389925192366
408,-1.2646702479317908,1.4591878796462627,3.563433804897349,0.5592771962574243
409,-1.316408078724738,1.5364717253448181,4.2493945017564725,-0.3908027808822787
410,-0.03522866708133954,-0.8965889409008462,0.2827966209614441,-0.08565057808349708
411,-0.7255458971813757,0.42696999841302496,2.830634969649791,2.1162218594262665
412,-2.831000220017616,7.38592659201004,5.790132180059489,0.9685081138999512
413,2.7192240824199994,6.59746007991464,6.780870639654828,1.3341194869265507
414,0.9388786829842068,1.5552927534744034,4.11779237463427,-0.08472146282600845
415,-2.6834892969709907,7.012390236747027,7.299436572339767,3.999481327466245
416,-0.10970367945643744,-0.4661061166614186,1.0473093011926853,1.592123570496482
417,0.19708233371620576,0.14377310205794414,1.8778735975308838,2.155203406704728
418,-0.6839789995185401,0.3319234725095562,4.02216419130035,-0.6920264171324559
419,0.6729140821533246,0.9307059886409264,4.214063698021638,0.492715420225988
420,1.3160694941005309,1.2643299946769673,5.25100098658578,-0.1632149633704727
421,1.513748008612966,3.2394479025616976,5.063720240099642,-1.2504126500009962
422,-2.222027982550087,5.074090186555326,6.019586295703007,-1.4278735510150389
423,-1.1378859404521473,0.8700113855666147,3.405860283792442,0.0989195764967532
424,-1.7595600463770706,3.664841808205738,5.859267628095626,-2.295588039957521
425,-1.8359867461789243,2.7412418540680905,4.942488049875137,-1.437607844909625
426,1.2449844677903572,1.486988996922704,4.106019366855568,0.9421028683595929
427,-1.702646420407377,2.966419495347777,5.661971539722049,-0.8835545503124851
428,1.2188750087512075,0.9970552861679891,4.452782075683138,0.7016579567439225
429,2.6336681227831065,6.234230671760673,6.586860898277906,0.006697078196631234
430,-0.1556703323503279,0.5842528180239539,2.2860649675072633,3.006919998888507
431,2.540746932041875,5.696208858852729,6.606213655849463,-0.33206859190583704
432,2.6513005098891425,6.4654669712810655,5.592638527348013,-0.5436032018711571
433,-1.86453113313057,3.5671347734382515,6.239658373016431,-1.0762769054888264
434,2.1154340621614605,4.062266651011837,5.456171572237642,-3.2802966664324353
435,-1.9971438327482216,3.246518392555763,5.4080844814837175,-2.021285208838113
436,-0.09783738797925778,0.9523242088275985,1.0779132726660654,2.4614100805575903
437,0.2971843259980109,-0.15852400482042117,2.8642424717086166,-0.35082105656722534
438,-2.2207129551201485,4.561231908413861,6.789609341402407,-1.0229205234852468
439,-1.9543521389724194,4.490701794750676,5.300928764123665,-4.221984362272193
440,-1.0332654071726888,1.4414391507899464,4.993592774827792,-0.6633016709416457
441,-1.97366482305281,3.2965957976202134,5.107433774043771,-1.5956506351879298
442,-2.5114839975066063,5.371937006165156,5.578253175981237,-2.8122566427061066
443,-2.6411999594114794,6.9116665591050515,7.354562438582061,3.0767126607667477
444,-2.2005510043083483,3.93665430879793,6.636020928003153,-0.39779615588497497
445,1.8810509883571154,4.312962602034072,5.073525537430243,-3.4798802243721223
446,-0.556595446347055,-0.5085351095355852,2.4326721635818016,0.9126915572486352
447,-1.067515403913499,0.17693155905401792,4.567274914381853,-1.77249803022829
448,0.8464477771827301,1.5238132327008251,2.864633403655843,1.5800298221218683
449,-1.07967407440678,1.3710806725051314,4.744610504379692,0.6119395668087313
450,-2.418017250124472,6.611231622290277,5.809990221495282,-0.831342496593513
451,-1.314427011887739,1.4508286491485587,5.280606801773129,0.43723476961868823
452,-1.9774571514903037,3.377623186740353,5.907775009762991,-1.0840946441855042
453,-0.49098951845019556,1.0594644156872872,2.797684710243,3.110523636760512
454,1.670633753975343,2.0635001502890744,5.18135874629518,0.22614636708816804
455,2.5331185726017704,5.427985621207781,5.896632854011008,-2.7971630672539147
456,-0.9509678531298409,0.34881070288546745,3.853013520251735,-1.187355564919787
457,0.9704000419448384,0.3805177647297947,3.714244216243508,0.6201601603490191
458,-2.178238398160544,5.3465070118708615,5.763519774065375,-3.5658042016990965
459,-0.6730962477207383,0.48540165639883376,3.7126599405237997,0.767690036624361
460,1.2348417358780601,2.011154152237398,4.773798888735363,0.7332606127810035
461,1.9056101605212712,4.511852750554181,5.0161127395099046,-4.025746013323649
462,0.5832864387711658,0.6164578869579327,3.5077729238052546,0.4496276023960437
463,-2.9363853546196177,9.35783998357858,6.0332213204315215,-0.7870656416376536
464,1.1649766147580873,1.6987069794233756,5.061902672251324,0.37070363407095686
465,0.044574653639739115,-0.4392752446612819,1.476170726529014,0.9730510950698192
466,-2.022748614977142,4.036101833001822,6.0282143003476465,-1.3230243707341187
467,-2.4227113132893487,6.265757601676461,6.747518564146071,0.9838127485132317
468,-0.3349623669231452,-0.0776548098116874,2.2838006784459663,2.260310631909657
469,0.6950830280825206,1.2452368910682692,4.004006336141145,-0.12909320051775897
470,-2.080859786853131,3.7295738350453678,6.034000501529328,-1.8668486709489496
471,-0.7967539659235441,1.4642009496012147,3.145502639422368,1.1356877845335749
472,1.44011237531359,2.3362261894947065,5.738131224321703,0.515035343210033
473,1.4348389303722877,2.032896101880912,3.9973153148873655,0.6770093839009785
474,-1.9708448928063678,3.0252722761547064,5.300354769766063,-2.0368939412300295
475,2.1689186731639154,4.208656620856091,5.840893916582963,-2.4136406180012786
476,0.3926598588048398,0.9011781651310365,2.5560112589936637,2.026077183978468
477,-1.115900854665093,1.0112423447928929,3.795338789704247,-0.22052184553565524
478,0.2997258274139307,0.643482846225724,2.7507038908139174,2.558267689933774
479,1.8864180107064268,4.383848827688152,6.261530857530675,-1.2657971748583827
480,-0.5508209490205758,0.9656190443445384,2.43908525528722,3.5008161207454505
481,1.0995955080726878,0.41167116094205936,3.8672831833165797,-1.3618332906131734
482,-1.9171042687912618,3.7840740201536764,5.867154088916501,-1.1016857459847156
483,-0.32497661411411105,-0.7138306775181738,2.878337363552216,-0.03118853347053263
484,2.379398041025393,4.784931633124115,6.352770076966298,-1.556192991521059
485,2.500176939849675,5.991241443387224,5.66700663794923,-2.6230369684217
486,0.4458840278484808,0.7443464125763188,3.490035295302529,-0.18476424991759655
487,-2.08234001495231,4.656141130517642,6.397226937494207,-1.3641916767521391
488,0.611761740225889,1.155397897446877,2.7275648531057435,3.085533382898398
489,2.8121074353233917,8.761915347820628,7.363204401997711,3.01555658918251
490,0.4203130640639072,-0.36823320413489347,3.5099003189459617,-1.8251769907828845
491,-2.8477429678152446,7.779468598237974,6.520346682577317,1.8315661317598642
492,-2.5313153601161607,7.35604201852084,6.070345286236503,1.2734522096403738
493,-1.1637386465008845,0.5885742527789759,3.504914278421592,0.0725366839553947
494,2.294098351098051,5.313287465498591,6.776834631889264,-1.0038125224682748
495,2.855876208900961,8.793579329597916,6.646857470634654,0.898951178251713
496,-1.6984991938340361,3.6936206971613395,5.208529695583527,-2.2972575229883256
497,-1.9982950102371462,4.624352134356537,6.230292401936643,-2.7010718337897375
498,0.9525168892164881,1.650212181634236,2.99783741551269,3.225778218144879
499,-1.0558800699423707,1.6261431453901425,4.049639225245336,0.375270080429575
500,-2.0136371733273313,4.350240056351118,6.2308467763933795,-2.441528434286809
501,-0.7703487208542663,-0.24307902894351574,3.744261340449138,-1.1224643251503275
502,2.9286556991412294,9.547258586692882,6.307248425526046,-0.6879053584150974
503,-1.9480680115074338,2.874452858058681,4.688884609340015,-1.7662085195022894
504,0.15066919023380976,0.08746562049899578,1.5968222978399431,2.7657325659020944
505,2.6560384663011485,6.837281838921891,5.898973906468038,0.2530320781587181
506,1.509784281557443,2.936989777445005,5.664957811540533,0.0980072628998978
507,-1.1576865631312074,1.391700252668554,4.787278927442658,-0.7301916030165096
508,-0.07478593792172372,-0.4425755344358543,0.5533578890120665,0.7650916279270301
509,2.6698967962592732,6.9832907505799895,7.19549081571785,2.4187917474942426
510,1.7052342661682411,2.62610354346969,4.400863466482763,-0.4268150089948366
511,2.971299987115498,9.389895520509512,7.227790617736475,2.2812505400937355
512,-2.382372688142172,5.276827335930695,6.466557925427982,-1.5576967399265438
513,1.2072788121618494,1.3839652316907856,3.854604205232035,-0.010012079527309758
514,-1.1947472318365762,1.048803323130001,4.492183464021328,0.3339458726004578
515,-0.5113859600705677,1.2307584935605096,3.7619594565045142,-0.1608341716733228
516,-2.8871764976099428,9.177883060138873,6.873972643256693,1.926237315363868
517,-2.7737200067170855,7.396004435229067,6.193388995723325,1.1170135225896416
518,-0.8931924641102471,1.7247370059576075,2.9625688286184664,2.2123730335736127
519,-0.55061209254582,0.7009139321800391,2.418548880235586,2.5720715425657605
520,-0.2932798436724049,-0.0378636844179967,2.194026284733301,1.573431037426386
521,-2.7385827059632115,7.056780716243976,7.215481064214824,2.9163773142997735
522,-2.6903192715349973,6.864779404691286,5.7183606250203045,-0.5899690820700487
523,2.3398193395246727,6.065347290891923,5.534727213874983,-1.2538996715867645
524,1.3362529145254518,1.9034965155075378,4.095807135634201,-0.624534597983752
525,-2.529686759494556,6.764824115576503,6.953474165141381,1.6927036780134401
526,-0.06926653669361649,0.9444625532528601,0.9719321378653722,4.146278710198871
527,-1.8279297094889921,3.57656129005745,5.753995743080226,-2.647760161242049
528,2.751814337402706,6.766186247217372,6.623072913152841,2.3311655944699474
529,1.2289179642582164,1.2645597226850243,4.776549131111597,0.08521407482491417
530,-2.764674464883038,8.363830355174931,6.4036621873403154,1.6554634010597093
531,-2.7760175485669034,7.031260793763379,7.615584304741135,3.3648586593316896
532,-1.5424456950876837,1.5633298520095567,5.0459302023651915,-0.0743613797684124
533,-2.739405411687823,7.712688065228619,7.014049903502434,3.1999539149882192
534,0.4162302289096895,0.3227301115138653,2.4914734894814825,1.8645335365866864
535,0.5573261472417554,-0.24153715661333458,3.7823556588449287,-2.1006817263257265
536,-0.467508135045545,0.3732597071044821,3.574122002821956,0.5726405661431802
537,0.297384616128479,0.34821091175652186,1.7851138840767735,2.346106676694993
538,1.8955645889212818,3.9814423122400644,4.993454154754756,-2.5842465006980726
539,-0.9006448691529689,0.3317168347018692,4.7467531689837665,-1.9319076679131826
540,-1.255133433530276,2.51239571379662,4.154487382200649,0.3582610282521541
541,1.5474792557771622,2.3775071361070967,4.264498702768302,-1.027153851901398
542,1.4077557021223948,2.3028900888500674,5.266490970282047,0.01675892870880502
543,-0.9533190226939974,0.8409437147527492,4.641152557151363,0.46834290746962637
544,-2.2041961153705953,4.374410070944913,5.055604614723046,-3.9312192459303335
545,0.03975704590450224,-0.3349210369851725,1.6803907166775818,0.36567131904088845
546,-2.1490924751146947,4.71007744253995,6.496272269743802,-1.3108339446364916
547,0.4203458628679644,1.0087070924567365,3.1259730297228323,2.035202060464053
548,-2.486068298895539,6.3565563303060015,7.067693562064356,1.2708519736413042
549,-0.4845616000284583,0.4686248928266614,2.1975971774639342,2.367370744737862
550,0.45260911675507387,0.7720691996048135,1.893309431667599,2.890011050171963
551,1.3536132201826305,2.6767579138105795,4.555808648161774,-0.7955844709365143
552,2.922377478444303,7.943003590323169,6.0249728317107785,1.4309605610731242
553,-1.532866549893956,3.2802722727866866,5.88159545145348,-0.9608024590609623
554,1.9945995152893632,4.683285192817922,5.760211220482693,-2.3030572296579797
555,0.41073026586131967,0.12447875125555521,2.4645395315444003,1.3154086608875781
556,0.8812933843521629,1.4838787419485575,3.9174478700696045,1.1633666697612437
557,0.7543596785606681,0.7832043996024023,3.8092541696660103,-0.12675614043501837
558,1.3412690940382532,0.9307373424848728,5.550039479136237,0.425530348897722
559,-1.2202826039099264,0.8614211540028636,5.025944501520539,-0.1741242041497002
560,-1.2148975038248502,1.1057701838555825,4.648114561152591,-0.0374708212453676
561,0.7357007741834689,0.9089378240876074,4.385201713188168,0.2353958697512628
562,1.9992371475354975,3.410243651125212,6.459346735984994,0.48878223603534576
563,1.790304804728044,2.798432866654503,5.989817094677857,0.9852970905357283
564,2.640676799820511,7.087549615424231,6.941744906768949,2.300240868346373
565,0.9916091138072938,1.41734651395587,3.6581308560508514,1.0020486833600506
566,0.2176566996997229,0.1853005576373038,2.316013699658345,1.869063781866334
567,1.9334471077790711,4.545954210796434,5.184977378954206,-3.9392198531975327
568,2.7784621561832843,7.4082119986391515,6.008539591398878,0.5914206316839614
569,0.07392283187415405,0.03344660456961926,1.0521069378762062,1.9015889025099006
570,-1.4180625669530942,2.307940967066468,4.8701324346761785,-1.0777392694671815
571,1.4352392807631524,1.6526743736631033,4.6757859896893565,-0.053609926903673166
572,-0.5965718709531673,-0.28588460001924154,3.658501608022843,-0.8098948696446195
573,0.8925514563213888,0.8364002366802818,3.520942934421643,1.2966158246685002
574,1.4323786533951939,1.1472022238173905,5.602178714889309,1.361863237835126
575,-0.11333280665353662,-0.44904420113813337,2.3210233756675427,-0.10208944406832576
576,0.669994400966857,1.3153476094640562,3.3667389041557323,1.6602327768604939
577,-2.971971614367261,8.222624006434074,6.132686998419633,1.054947051400638
578,-1.6822347314878063,3.4691201774724068,5.879003624794046,-0.8639620262150423
579,-2.6437381023221302,7.933231896030969,6.781486249208398,3.0662956057675492
580,-0.6287917797135609,0.6757443951797765,2.2563953410023037,1.8730137766057438
581,2.6687154452814523,6.8430744488271635,5.819009220542928,-0.40917186994707555
582,2.1883410130318657,4.245415085106531,5.058111588153109,-3.33754812777404
583,0.8457634974609287,-0.1615155091016206,2.9054353382560962,0.8307908576268176
584,1.7309287602776884,2.7168409772012896,5.89230399386504,-0.8044425939198414
585,2.783533495751743,8.744465075364918,6.453584814035372,2.221383944817798
586,-2.2231313891346725,4.848995268430329,5.796295459577524,-3.2451341170168524
587,0.7971298841916132,0.6506475777537734,3.3456468305297253,0.6681049039155988
588,-2.9039162744021305,8.686834851304663,7.070071641787193,2.696298161957973
589,1.6200764508348948,3.5403540453806914,5.001862553820798,-2.6626028391308436
590,-2.569806332851532,6.070303589932156,6.803760997602879,-0.2989928282551424
591,-2.5468120721516603,5.90145691089756,5.715307447576102,-1.1430603980617315
592,2.409972905477929,6.78881511768283,6.914009516337605,1.5503478191632953
593,1.76773396271415,3.795651175490263,5.359108312018693,-3.1007448633743624
594,-2.4450471062055756,6.8730347078493335,5.676801920380546,0.8285187582731508
595,-2.177088268960615,5.122903916322789,5.190343262597468,-3.6167280795929395
596,2.2703542925287294,5.042464430994489,6.035967391353145,-3.123902636150425
597,2.5836301742749734,6.496905059946521,5.487459765642621,-1.037874834192192
598,2.7646781946118697,7.507204793893263,6.278899987618159,1.5240186812529577
599,-0.5466117812043398,1.1823730223195654,3.809057004640448,-0.3439867761838946
600,-2.288787414486208,5.631785525727613,5.725690648506704,-1.5123711584873347
601,2.6597289156265775,6.494319834952021,6.606816045020096,0.23506603385041958
602,2.724826129752456,7.3541215502836295,5.70873594986737,-0.218489465213358
603,-0.6231506033215237,0.7229714491892423,3.4422427306407526,-0.11779150633869295
604,-1.7943564137238925,4.027689561243463,5.37894511504948,-3.146746064373378
605,-0.6996335949734362,0.39187325453941463,3.747839017790187,-0.8305392266432562
606,-1.4498336151690752,1.617003273110281,4.645368574673744,0.9149489556998152
607,2.0992658092090597,3.6655417780459887,5.33734980680354,-2.2879329991480377
608,-1.0056563106148262,0.8066733646307176,4.128103012052487,-0.1587754350088939
609,2.4935656979044456,7.044147892593594,5.948850232361559,1.2478226074997312
610,1.0833227799476575,0.6976601379318681,4.977551245335348,-0.026355129949730438
611,-0.6351960375302674,1.195797453449431,2.2789859628881253,3.7225238577210265
612,2.5139529044442233,7.143864289630255,5.663743262959817,0.008841071421036961
613,2.100489284955108,4.555520810501049,6.400558956027509,-2.347127062681774
614,-2.395795252707249,5.529220079897382,6.848414089449978,0.5364237864561123
615,0.21491678285152638,-0.4919096226646283,1.1675045237852106,0.2741219307580669
616,2.5152515579538477,5.562844417058029,5.863850553547867,-2.7692914182305426
617,-0.5642559010522077,0.9027477416089267,3.1247674488075137,1.726852423276273
618,-1.711419480040019,2.8472521964396833,5.16701428320216,-1.1308038473540298
619,0.04149027035855157,-0.23591702636783643,1.561818556641644,1.646450783929334
620,-0.8215902397715062,-0.06964463612258376,3.4933382746904815,-1.6098698191583196
621,0.2758195792994034,-0.5827251388122894,1.2377605576269204,0.5022196029527097
622,-1.8612340127042812,2.803114582619253,5.581142962497697,-0.5402682547219658
623,-0.5727071404632733,0.9041168407834091,3.1032481683018966,1.5528794686002354
624,-2.88323576388889,9.287045735354027,6.441864492967891,1.0863105303060059
625,-1.659953036202616,3.619950940847154,5.994120203707924,-1.3704907104568358
626,1.5827888506242536,2.914335723342341,5.26607762081008,-1.0703382743682415
627,-0.9789010007137326,0.45730122292751973,3.6579600464403965,-0.29483256773096034
628,2.236595722046351,4.266149337172907,6.342006540971768,-1.6991045949550123
629,1.5660898918834327,2.34247845445163,5.37365525109716,0.410774977889389
630,-2.3816661659057465,5.546282929126792,6.304752471462999,-1.218084911841677
631,-0.07175195560976322,-0.6229280988255571,1.3761032480514168,1.5389236729567528
632,2.6556742815372,7.243705127661355,6.6863929943808555,2.256563142359595
633,2.675512408555865,7.617271940109335,7.315394920317184,3.6762410982949474
634,-0.48987967135782107,-0.3769233321299683,3.3225744572184954,-1.32918650016277
635,-0.3630964036016522,1.087171458868986,2.7170984713312,2.642112949212599
636,0.5282888906884526,-0.39046845982839795,2.1140951637161036,1.427499378589897
637,2.725498090591419,7.238974047639462,6.355760380743218,1.5029808195394765
638,-0.48537558507401535,-0.653023919917168,3.1014780094924843,-1.2694583292213728
639,0.033474677937624264,-0.9519681130160411,0.01652314813204736,-1.5231684817088056
640,2.6326329848548804,7.333744093605684,5.886017192151038,0.29718323846306227
641,-1.2596944144115627,0.9168940213488292,3.682106700247103,-0.4064902217626116
642,0.06009420230222773,-0.1362384122698143,0.03493873591403496,0.05106809603274587
643,2.1008036265666927,4.221815911631772,5.951852266662197,-2.562577067684397
644,-0.5018858205739973,0.49134835084459527,3.1116832915646464,1.3457383162662289
645,0.66618125941595,0.00522899958699774,3.4761228625311906,-1.600368465407176
646,-2.428928977965084,5.759086154776202,7.033240585822235,0.8355886857286083
647,0.29453756247573626,0.9651075126394223,3.0813899843805324,2.5940815728089763
648,2.0976981160740547,5.293106075819919,6.594549826686757,-0.1020875045138554
649,-0.14353236379614653,-0.5044459953600585,1.7965392268105458,0.25119196289157164
650,0.5029073893118126,-0.5163336770783246,3.7878133224899817,-1.313066856311807
651,0.4111542190526558,0.08861940293487597,2.642202618413701,1.4897871777270115
652,1.1685095120241185,1.753857001413275,3.3612162021545795,2.195402613390905
653,0.49927917256837695,-0.15342541517263972,2.4721798059404545,1.016838854867299
654,0.7062622958000171,-0.36716744965437303,3.2539812960369323,-0.8725756732480494
655,-0.4006292250915324,-0.36377803381975155,1.6523974673007955,0.5032636894588218
656,1.4589787964762326,2.123095429697173,3.898446506494806,-0.022113319805618037
657,1.4273367367388552,1.3343769436702049,3.8677048204971864,0.5916218537966322
658,-1.7532919049921714,3.901150962889935,4.669106251534059,-3.697882090900025
659,2.1017382410013763,5.374584074919299,6.696525849961213,-1.32183036218873
660,-1.1411117619777593,1.3192251702411348,3.469533716352946,1.3097975196090925
661,-0.775063690910466,0.9162742751118109,4.470902625740459,-0.38108278513798366
662,1.3228468865400753,0.8829640413532172,5.017331754913384,-0.5357333253853924
663,0.12910662507404158,-0.5043730599951491,1.3665322290862985,1.2746195635834856
664,2.324729416643766,6.400123572108162,6.795105756906607,0.4383775557879406
665,0.9558113509629043,1.046750328557307,4.804865891488796,-1.0300994155974825
666,-0.9312809166284088,1.106918243368257,2.9333798758668683,2.5550960133003686
667,-2.1193344969604273,4.140524744941577,6.546535745152649,-1.574677317537162
668,-0.8741865053070628,0.8180603896887628,2.762995125843712,2.5279561560453656
669,-2.729996315864052,6.873910389658522,7.327146879980756,3.1668660622695066
670,0.5806093008422515,0.7793225534324624,2.098642393000697,3.3433414285951875
671,-2.1162844682845976,5.268981659805609,6.015397352518831,-2.6500439701409126
672,2.241471488289589,5.601194513875756,5.832835268199599,-1.6668705472841832
673,2.1102315695135916,5.087654353447225,6.396648962442496,-2.304563406173104
674,-0.5819511391629311,0.14770512216205978,3.7341764829656126,-1.5274838197390541
675,-0.9369596182924123,1.8671079662602437,3.5026368454577788,0.5890025458247381
676,1.7100981870785867,2.827927331870624,5.141268373886838,-1.0895055029339766
677,-2.8732879948075016,7.872977546183016,5.979910523231273,0.5691430323845788
678,-0.9364025824400297,-0.06240279764038237,4.86785890000996,-2.684324384367391
679,-2.170953912631386,4.348051152569196,5.261889452623915,-2.688528615215547
680,-2.442460577432192,5.198229749048286,6.6775173505125816,-1.559542151826893
681,1.5942177936344963,1.6076076266850008,4.403987348891889,0.3028380942329898
682,0.8557513711156184,0.585976942114483,4.408215246788937,-0.8183310189200279
683,-2.680361031770752,6.27903097495919,6.123194235641144,-0.8692460824581164
684,-1.438833277173644,2.9706897556831224,4.443418809765593,-0.7748726848459819
685,0.7151956454209971,-0.18674384226822538,2.750091030603421,0.2651352052386792
686,-1.4491608626467054,1.1380325400935665,5.474673053305285,-0.5283128080188482
687,-1.0083844862052413,2.00178962263519,4.578351358769687,0.02841611045079051
688,2.9764644043571975,8.990042893673087,6.084769381465181,0.6007797324677655
689,2.55461202687306,5.561606287974266,6.067967574003195,-1.3720194634458653
690,1.199586277730992,2.4138138395243116,4.052728051198099,-0.9488983629695089
691,-1.2122116634193687,1.2457429370365818,4.0210319406699435,0.38540377747659305
692,-2.1686136707635786,5.23793520689758,6.227446578633537,-2.481469609012464
693,-1.2518990330431474,2.2304292083275596,3.513174482711782,0.8895137163673951
694,-0.20889070624200645,0.6376085909106619,1.9761590080732663,3.2316988648007237
695,1.6581547635094367,3.5467950989582215,4.9930935516089265,-2.0563673788137726
696,-0.3982217620039261,0.08492073312010692,3.479528002940264,-1.0342890183396753
697,1.6734657809481304,3.245856004086813,5.340841850271156,-1.6452038287048205
698,0.2237478224267031,-0.16782461896493453,1.9165805446153312,2.442964128939388
699,2.0269031058514893,4.940446098947819,5.851461506769253,-2.267252952423614
700,2.854179313793604,9.043326331890935,7.127055276562265,1.4043700825014773
701,-2.9268674657933027,8.35983255813855,7.655172089588134,2.84130299058267
702,1.6248543172615912,3.5972795925254832,4.196116705875469,-2.8301338771650517
703,0.04142640670067532,0.9509233231932414,-0.1455299505372084,1.0455849999917401
704,-0.15262537796666642,-0.8838527796161089,1.701215344782017,-0.546329257863752
705,-1.2335632863696988,2.1717603624856414,4.544175627246183,-0.5644139083332556
706,1.3114477336371637,0.8400566869729962,3.7614854524517756,1.2075881905123425
707,1.5712976334797348,2.4568817011133577,5.866125160899205,1.1262340234845918
708,-2.649510371810524,6.040905840419125,5.751567736359256,-2.072321771637019
709,-1.8903670566122746,2.8467057576578725,5.348794582924159,-1.1277333689836633
710,-1.8689313222631871,4.388485201821641,5.056589999637188,-3.5662926316213515
711,-0.24380590252089585,0.8223162229036862,2.946726222101542,0.9267196136964211
712,1.3601625477489012,2.077038436388094,3.8037183815582445,0.8938546608576154
713,1.4677969525163155,2.551501476651801,3.9996061631845627,0.46775833642043185
714,0.26868368012456934,0.7952296449825924,2.0732149477012527,2.4302334500786533
715,-1.1295236831186017,1.1530793459273843,5.2036970499935755,0.8282154834278652
716,1.894284712370652,2.9693594105495174,6.189122213813052,0.5836902475194744
717,2.0151214278826934,3.1375801785191904,5.953866597262742,0.00940817134832761
718,-2.466203512055973,6.869353775529731,6.761761448565105,2.351158726722099
719,-0.18537711761964903,-0.46394366135787635,2.556519559699277,-0.17185738141723783
720,-1.7764053694411726,3.0926010145852865,4.380656612233841,-0.8590354680861454
721,1.1682753741068614,2.2163711870098375,4.932382372440634,-0.91557248940599
722,-1.9081458736856365,4.56801834565792,4.915921731047502,-3.117175134340716
723,1.9043879211496932,3.9303322959776446,5.06979115875326,-3.299753298539166
724,1.7375658623420005,3.14802613905855,5.697219942662954,-1.680656259760292
725,0.23393983846654898,0.030988110169796655,2.046787883809973,1.2138675211813745
726,2.2935274122196807,4.944778959283215,6.119908791187761,-1.6185351412818425
727,0.11560603304821537,-0.3338389668644889,1.4265718729926076,1.6178907075943931
728,2.50875676065228,6.947905024279865,6.335008874379284,1.5970840209851365
729,-0.8444874050691347,1.2335424428470745,2.8518918167498524,3.308847750246984
730,2.771235312561222,7.279013043887521,6.234312292787113,0.6060650769236289
731,2.7581478654477936,6.814884790588727,6.036168989487132,0.7574290927526854
732,1.4768483060665147,2.17858339877071,4.719824099864886,0.13388999142605584
733,-0.9638907543973705,0.7213106879973681,4.862526431266104,-0.993783408993762
734,1.675134711457841,3.370762778523055,5.315666214728795,-2.590964596392201
735,-1.4686868905347814,2.3213602777400375,4.587705448069021,0.381896256584372
736,-2.145924138169672,3.6437483652790057,5.443248051337866,-3.1883293919576836
737,1.2708294659973056,0.8407411158507017,3.5123854746568717,0.14277373356978207
738,-0.5979539733046257,1.2727723893669776,2.5896221900555307,2.836294365424232
739,-0.4148885143142529,0.028225815329658926,3.561225931777704,-0.7755482619965458
740,2.368308311861856,6.335568294102794,5.361711890782013,-2.143702498287227
741,2.1187947182315927,4.453696716849997,6.728057504198697,-0.745004840208503
742,1.3352699318934755,2.0828445830981823,4.680362572509978,0.209578192084229
743,2.5788692153810278,6.6970257083483125,6.77899395354426,2.052562645011643
744,1.270810339667391,1.4055702368268421,5.370445989259269,0.031241739557950732
745,-2.7170490974348716,7.310801525398875,6.465135892082621,2.3920092192789397
746,0.7524344168424797,1.4764726611605434,3.0672129518305624,1.8584010479013744
747,-1.888088826566279,2.8540313155045682,5.675069125102644,0.422466835232321
748,0.8293031675640234,0.6288564059875325,3.668325684069824,0.3328439908260761
749,1.9804617946915624,4.058755492272624,6.431010535914666,-2.007910229744726
750,-1.514196514820997,2.4495271883822998,5.6666551653864765,-0.2072108717808856
751,-1.4109484186474772,2.613678828079405,4.602520828313899,-1.0563323975453043
752,1.0231189113043557,1.6236836417443246,4.401711648526397,0.020021009403828005
753,0.18985095540016506,-0.4154317881354573,2.1249827636946437,7.702879961091202e-05
754,-0.059165632634408105,-0.3835455513057574,0.908575129446477,0.320908193354277
755,-1.490612724952684,1.4459086805866481,4.291560368915602,0.023227123769774094
756,0.6940358558684734,0.3458714866388131,3.8946800794201106,-1.4329087744759124
757,-0.8673750347428326,-0.13006564845842317,3.7150825327765498,-1.5716120122780555
758,-2.3576719906715446,5.6805726197186655,6.590621873007715,-1.0103580004834067
759,0.2658559239859546,-0.22517523004420217,2.0134313942965707,0.9104301938783244
760,0.007643130993612246,0.4174486986712593,-0.10156270504245418,0.6035421688778475
761,1.620412179775692,2.9436798554639156,4.662128198765677,-2.538253841494093
762,-2.162726866044067,4.809177107160627,5.145644548267143,-4.146854258843709
763,1.1072080945026226,0.7021873379420949,3.7992090626709913,0.07910062732539314
764,0.8667173554809366,1.0858206858922546,3.1918058243351473,2.176410565343673
765,-0.11139710257913293,-0.13382401018599585,2.1805467192921757,0.7442385649132124
766,-1.836914669668179,3.2578484301362547,4.828643800410844,-1.4619796074957714
767,-2.61347154255832,6.498852362817284,6.004916283710802,-0.2679920821364354
768,2.5315254881329006,7.278187439489374,6.8831237201277835,3.1612912880883766
769,-2.384146943843389,6.601568899387528,6.119355236172699,0.31838786759715537
770,0.8977617217709519,0.41106045964540516,3.0515264477068773,0.18376432809689092
771,2.580388063552154,6.342626605098426,7.3774250788607905,2.3438369132060006
772,-2.946944703574774,8.583625294854215,6.952200847544769,2.531322237821236
773,-0.9777813486600655,1.827952953442431,4.611901964766183,0.5649925062313292
774,-2.5084475575412144,6.265943082663273,6.875073856567847,0.8314342609350756
775,1.1387581602364856,0.9612447021602606,4.3922862775391796,0.3631025213951089
776,2.2798283282563814,5.9171403864427985,5.0580008235999365,-2.0384307875832492
777,-2.929864940386044,8.642569352090675,5.905495408350798,0.05620529685367903
778,-1.303046530776257,1.1702200457845235,3.9325844542947337,0.4534676925569914
779,2.838732550780678,7.689227082995573,6.2555280666384,2.177694656181767
780,-2.1611814470216917,5.617723771681429,6.297174642700009,-0.8950022221252207
781,-1.9315797451616679,3.7652101719091284,4.879263478985737,-2.8871794263179797
782,-2.808734497169719,7.66250654532081,7.337395867855361,3.2079477996031924
783,1.8680637168316254,4.061090046230664,4.872195461281082,-3.274794895665128
784,0.23804503989692805,0.7404588472970047,1.7239442159918357,2.697266837385782
785,0.780523572363073,1.368171273739772,3.2219736118960665,2.092901685591562
786,-1.5041255269783107,1.8265887953231734,5.290777093204525,0.6452477362142399
787,0.7330974889340922,-0.43700630818151387,4.075224401590517,-1.645778257151968
788,0.47454216888664114,-0.5984259157912446,2.4405111709077127,-0.16462615975354233
789,-1.5570699748842047,3.2572122674364774,5.4214125924285,-1.0630104914155372
790,-2.7761803106923018,8.262506158087877,5.92762203391082,1.8665851296794238
791,-1.2225478178113725,1.3448526995117551,4.828017063121348,-0.04913602685413476
792,2.570321092345816,5.814489369514471,6.003109458612906,-0.911059074722292
793,-2.2427763590734235,4.524391485070059,6.310162082634541,-1.394064716904321
794,1.703481165169686,1.963120039107668,5.093212962336178,0.0167162176900435
795,-2.8814277120912726,8.403085794249874,6.803154573756322,3.52464172608517
796,-2.0697406430515333,4.636089950542706,6.690348863120304,-1.8441223908612172
797,0.3472230321051093,0.6541006502773633,1.6151087987947943,3.991210032561739
798,2.61085722127548,6.775217501196997,6.065200677450836,-0.4178415392042376
799,-2.4999606053589316,7.237326400025625,5.678783460670924,0.8541794538729179
800,0.37042709832806153,0.30790859938343834,2.337150980259624,2.627361472619323
801,2.702807656711049,6.860284052977123,6.160859549534822,-0.06108141721442106
802,2.9781533675774297,8.903457687678427,7.618081948313225,2.5424271297320082
803,-1.4134154218873427,2.9824089543552468,5.612412437637657,-1.4762678600926438
804,-1.093671334965025,0.6913504761015152,4.003845614916403,0.7116814532167066
805,-2.221232912267697,4.681105281514007,5.259435657693159,-3.2359982893857646
806,-2.063866712023534,4.008004724450581,4.907110475520083,-4.05274415350673
807,0.6798263726313265,-0.3284133760863268,2.7669480289320365,0.876652026429851
808,1.1270615955195478,2.2692731196183473,4.259635216466003,-0.4062563852338099
809,-0.9538089344049121,0.9590915975611591,4.788657941191571,0.13028027787428242
810,1.4592596366293078,1.6320432228635156,4.4596389849934575,-0.37749725775364373
811,-1.6749751766389214,2.353532418542872,5.7879342787266355,0.9646249434413454
812,-1.382140260938235,2.688262033652942,4.900029993921855,-1.9860247261882036
813,0.14224887317284196,-0.18043340604499167,2.3284114379937058,1.57949349702668
814,1.4465754809726494,1.464073943271977,4.009011769099645,1.3642034814200077
815,-2.688857884935353,8.154756358599057,6.894518699461818,2.4330567320145233
816,-1.5958086027875658,3.058339297595751,4.484177236398988,-1.73699295231359
817,-1.4924188582365399,2.115091876328152,4.260495330321499,-0.3899991711837396
818,2.002111406886746,3.749787197893122,6.2657904441617935,-1.7380300897222725
819,-0.4578379253852165,1.1894187205069744,3.32463378412102,1.5823423053879768
820,-1.0560099777673986,2.0723896238374593,4.620735466839568,0.4030222675285404
821,1.2689056781401655,1.3944312234105087,5.386220838069482,-0.02568077276327374
822,-1.023125331833291,0.5378755670560693,4.387379060910986,-0.9515738123867585
823,-2.066808090654954,3.338686023922026,6.1274325810129096,-0.7290985269344226
824,0.3167059367290941,-0.3062743003528544,1.953349736246072,0.8000418690168265
825,2.025275462793423,4.992613806911686,6.2424493190728505,-2.2439708022276665
826,2.9589977986531313,9.466150704369582,6.704348784601331,0.7377005685382636
827,0.38661266175402,0.25621877030384455,3.0203358998880017,1.600021305228152
828,0.24168155549795367,1.0554836090090827,2.0062590691784155,4.1503040986144555
829,-0.3313785629348436,0.6112754583967651,3.180315964159843,1.4537457332638655
830,-0.9335592618333672,0.9416100835115788,4.66236355513286,-0.36316489264986007
831,-1.6121750915601663,1.9178256039464496,5.513994930723488,0.26385550881890674
832,-0.6271861829570486,-0.020305115717884403,3.673781630511907,-1.256174571189375
833,-1.974794694679297,4.472424318418868,5.019188567634061,-4.036537779449395
834,-0.311577886141726,-0.5124370586800722,2.042028795000764,0.6324246495191443
835,-1.393364302285225,2.7149090391949535,4.464691211923941,-1.3856996899231364
836,-0.47695624644220924,-0.16180691482245632,3.619949549943917,-1.972248330690764
837,0.24885252371760735,-0.7059223718475913,1.689607965825921,0.22931152366438057
838,0.24952956977190244,-0.6018653936805778,1.962298533342157,0.47486873181420486
839,2.70502676205217,6.931523710627416,6.833099402501913,3.186902733912934
840,-2.1732512085879385,5.6213090371382615,6.317304050201236,-1.3083388976989134
841,2.906953863386346,8.194117418130157,6.16649819279983,2.243337581056974
842,0.3570054648156784,0.4313183249222258,3.246206199006182,-0.17846886450266342
843,-2.933171519989047,8.562090255689878,5.871321807865963,0.07865511600896802
844,-0.035872703710662535,-0.017002455741865704,1.2297611970299855,1.9539142840494905
845,1.0901887215589046,1.5898881873334596,4.950870087439313,-0.5919764821370457
846,-0.6922901056968116,0.2820347734413348,3.5697498990327983,-0.4377798813244328
847,0.5400093720229036,-0.6926008845866112,2.359461232173758,0.18297359299911653
848,0.21295553193302785,0.6135540636527388,2.227215219839476,3.0158764947475287
849,1.6650575495200481,2.810316850963694,5.997034040367197,0.8987826038776786
850,-2.5936970399924952,7.42858057582459,5.483219127645544,0.35203796041628377
851,-2.329925774254418,5.390172291341719,6.917055525393688,0.30808990216362697
852,-0.744984818449749,0.7899987999029736,3.42544325550576,0.139413869805325
853,-2.5083478874525476,5.974843602975483,6.368546438305139,-0.6230632876439451
854,-1.54263058076783,1.5419273930453996,5.71281790998892,0.2935664496588519
855,2.6569618730179627,7.44376337156258,6.250385292623822,1.859047447384578
856,-1.8904166391849015,4.511605621788708,4.721062386816314,-3.1964589044117497
857,-0.32999849196877706,-0.759619339405749,2.109308841908861,1.2153454568064104
858,1.4443571621622802,1.4937166072881616,4.791077215864316,0.8831001734301098
859,-0.9742021525229845,0.4405886509830924,3.47995624226685,0.5558461712965821
860,1.217673311899973,1.9074960258841447,5.321161216540956,1.1066437236169582
861,2.319077580302361,5.893696352378831,5.541602449959636,-2.8005126408142687
862,2.7443436124398852,8.00662753511681,5.966928433153708,2.0813337528084572
863,2.3653878683398872,5.191568392682903,5.234310010646505,-2.99112996581519
864,-2.3553448456608947,5.022416423541977,6.68210770038132,-2.1196134492624665
865,-0.9757767497533587,0.3485955723415415,3.3209926310343127,0.8776146192090823
866,0.451958238182562,0.3314308848239285,2.8872897832383053,0.1853460301010168
867,-1.2289368802324099,0.8849873691960803,4.173882414922911,0.20061468878129518
868,0.599142738188819,0.03810977912007385,3.382376925890556,-0.3669311806205885
869,-2.5834102608871277,7.5703915481745305,7.12623378082453,2.8382360685547736
870,0.880473941908948,1.6525430704622264,4.137859877172768,-0.10865146297806638
871,2.2744032138033488,4.393056245611699,6.555337279877614,-0.49852495596745094
872,1.5412019319173629,3.297697321621222,4.917977369931067,-2.7951070988284696
873,1.6853150157149974,3.097474002234216,5.697351076196565,-0.6772898631899933
874,0.446790512243064,0.320000370473939,1.887317134229223,2.8856763470411977
875,-2.2210718708309694,4.7573483098487905,6.227686090122782,-2.247217181054126
876,-2.0711457013750927,3.649800403102674,5.1365010936634246,-3.598870099483414
877,1.042036177553653,1.9379721579984146,3.823483191728582,-0.24760124905294156
878,1.5133275858420605,1.898173839963454,5.82366498680796,0.5849616056559199
879,-1.3772538032869013,2.3534942129518344,4.129609232637672,-0.3971771507218176
880,-0.46346033279910603,-0.6540025733168022,1.9435824423195371,0.9004382390341144
881,-1.0379745969714549,0.12515799937507044,5.003325963527658,-1.4540800663713398
882,-2.0545283953932683,3.6102437489723256,5.741144086289207,-2.890478219061418
883,-1.4195406806752646,1.0754517632657326,3.86114699940779,-0.2869599058764607
884,2.9356715294217244,8.607773009885596,7.258688400162204,2.8202628391018805
885,-0.22004694727601137,-0.10774649286034502,1.910287339349081,1.25146839860408
886,-1.8963150238446873,4.445782698874707,6.07882470022288,-3.0801406877119764
887,-0.5305007139369757,0.40307057506764954,2.4256325735111273,1.8635825128704218
888,1.0863702102253106,2.0621467635481086,4.575579526013791,0.4728304609274723
889,1.4325188074538762,2.817511082577286,3.9824612952631115,-1.6213185588218029
890,-2.8119474167584078,7.069032217111967,7.687133833772829,2.550156733633773
891,-0.7879865965342745,-0.010714583212059203,2.6001525833584616,1.9395992265194542
892,1.335814591251391,1.7441675341446166,4.159114434144199,0.7280949920730406
893,-2.1686436919057743,4.877588376303248,5.338912336014512,-3.1663815974290106
894,-0.07776421027005176,0.367810326041972,1.713095423548864,2.6774068300631386
895,-2.9072288729862006,8.353370321218422,7.333211091013757,4.238870555005374
896,-1.489261146026109,2.26133036129821,4.535521833730014,0.49133458442843536
897,0.39361993580959975,0.7001112280196018,2.6256758015903277,3.1342575495310028
898,-2.8065674452768627,7.984812087427754,7.37484375898739,3.7452198103391066
899,-0.8529119627020734,1.0912002459495564,2.6950455409042533,3.2304000074265664
900,2.9004578817598716,7.4444683097642,7.403991808186856,3.846146983285286
901,0.44312535858510316,0.045590991567052236,2.6906544112015114,1.0090396684899867
902,-2.33670689927126,5.19193756407385,6.988836318542758,0.455322589424334
903,-1.2005058858660809,0.6080442544840134,3.4289483199924353,-0.4069521170147514
904,-1.6522750823384278,3.1578817360421363,4.267122435604482,-1.0453808180848503
905,-0.23909657030348175,0.7536076123288697,2.1073464692362496,2.2483018069921776
906,2.1774729838788334,4.736207610093125,5.545706218885455,-4.096926375883509
907,1.4620890517823675,1.81719731861236,4.852776680259932,0.8572421164191004
908,-0.5845153197778092,-0.31877914583956873,3.041166364797682,-1.3528977328130973
909,1.1905768026643049,2.346320710041198,5.026616515626543,-0.3319673949485149
910,-1.2631074654365584,0.9464070159767413,5.284383248423316,0.9285062155832047
911,-0.2096280895344904,0.14673264305406436,2.6757945937103367,0.29166363379335625
912,-2.9929880440652306,8.160057679786597,7.4352899547652305,4.209457330066073
913,-1.6131603368432859,3.5899410725048257,4.082630397688929,-3.0482779320641624
914,-0.9193772147054209,1.7783137471899562,3.2087375933055564,2.0914123485615845
915,-0.5226689845532082,-0.543117854627923,2.1212490788781873,1.3798680178592255
916,2.2345184381181813,5.343768457378411,6.908611503614342,-0.6783715570002675
917,-0.7801691606948999,0.02279928634007411,4.375286713013693,-2.1264414784447907
918,-0.37957602418825775,-0.65259299387697,2.896473505889537,-1.3612394974849555
919,-0.3864573446197017,-0.45776297378657294,2.4372224314416355,-0.3185483485898837
920,-0.005783392796004705,-0.8395028656152267,0.7850695355045748,-0.2834735166136839
921,2.9195723789335677,8.436796679532026,6.434762826148594,2.9246228094747355
922,1.8330102830366055,3.7521200372956,5.976221611013514,-2.092281322217133
923,-1.5095606085674071,2.195274590022752,4.138281189075318,0.4041919769253688
924,2.363156776466079,5.208878330516026,6.657356985474385,-0.6045125024920253
925,2.1311170528118755,3.9361401330778394,5.014791121314137,-3.3779826619374616
926,0.4980372502422403,-0.6943494825023239,3.1415124103601633,-1.7153906611280045
927,-1.9809044813411605,4.757772506802065,6.095893389989849,-1.8322450055859039
928,0.2984340700565866,1.0615668633160626,2.66817285952268,2.0683214856419916
929,-0.2690353513459023,0.6527124737654816,2.641613474433332,1.8242457163083055
930,1.8974609741664938,3.4167901818843465,5.468513008851985,-1.458004120566958
931,-2.7973018799795346,8.391956134816066,6.954537217054633,2.999060336119721
932,-2.628372790304684,6.315505219146946,6.501342343678945,0.8499652170819464
933,-0.7315384057482004,1.4969938679748878,4.369892057308658,-0.7978080699311718
934,2.6019616203389218,6.267831469706119,6.515860682415442,0.5172679359838044
935,-2.134473093793269,4.760347989245924,6.558364083797137,-2.0700393560357284
936,0.9046669258622515,0.0241721697133348,4.427155851383826,-1.7952524330728228
937,0.5426687362813558,-0.03308704814236052,2.4616958079740385,1.4403675257044481
938,-1.0691482806695964,1.853864121792137,3.6599109958226164,0.4135688723494736
939,-0.6031476913068703,0.033030986503752746,2.396563845460847,1.848203826052056
940,2.8339675254729757,8.51596522541944,6.985417197817245,2.3454919411079556
941,-1.9631468582134564,3.4215331342670368,5.78034096230639,-1.8571583701185286
942,-1.7995545202917482,3.422391736386399,5.018774343599804,-3.38825636337499
943,-1.3692298130327283,2.072454798782559,5.420190330231411,-0.0018755306284961026
944,1.4108736535218824,2.111781478387215,4.1255511347528335,-0.20255681052756125
945,-0.47053775181547186,-0.5291752357979556,3.2565068705919726,-2.0823578181658977
946,1.6973542447851209,2.118728559633116,5.4207925288006,-0.2330914366473178
947,1.6152675936469674,2.831602737175545,5.34072669053045,-0.3118660988934996
948,0.781091019884181,-0.1592042859031032,2.7860796402576558,0.16121966289128364
949,1.028655240388952,0.7439432497952609,4.16203042054366,-0.15060450448779594
950,-2.8773012468699375,8.65405759608131,7.2422865032341175,3.6737899362011666
951,1.5114431441832856,1.9636092050900373,4.868047828266511,0.804623057096576
952,0.2519840138858438,-0.14865568978321148,1.0811606359087542,2.039462236998582
953,-2.054629556697577,4.992139100116091,5.267509625807187,-3.0593054468844674
954,-2.0749630726297723,4.9696557910609975,6.671385082824934,-1.828190311530025
955,2.3982895961325497,5.0508103139200085,7.034070594904319,0.12674136150769622
956,0.508348622039561,0.28615948977107647,2.038669812951551,2.7755935641515936
957,-0.7388120110284331,0.08809580432087172,3.029630581414228,0.4980793696324819
958,0.2801906191616528,0.732636299850933,1.7271961264583577,3.584368904373534
959,0.8614997433433338,-0.048043969168620415,3.4611559867067996,-1.19707808565071
960,2.403715424808353,5.149228209993488,6.736033777176993,-0.18394150530650577
961,-2.536098808321844,6.455378535568399,5.5742982206238345,-1.246096424467948
962,1.4682598181272866,1.4265351056059241,5.367713211274936,-0.06273514251455081
963,-2.3115956874919776,5.933245342254877,6.450653992479525,-0.5039756015304668
964,0.956998157622226,0.9169404540601375,3.4280005344852613,0.5134366808619357
965,1.4647616498026315,1.9757657024732656,5.22813504297342,-0.7320991387774243
966,-1.7066035286449268,3.647196220915073,5.0787129116912055,-3.5315789674685902
967,-0.276619881154343,-0.3022209627056139,3.1005967255924083,0.15385814132437414
968,-0.7798522819914462,1.5632286973082292,3.361884715332883,1.501053481483072
969,2.9714230991490247,8.063547336628856,6.700779775034169,3.620846933626966
970,1.3882126283936902,2.887827345723818,3.8688750814018844,-0.9028621434689416
971,-2.720859221157064,7.1834779469325944,6.50172783640182,2.2544407773977326
972,2.251323144807041,5.449994920377724,6.791152350913374,-1.1431307948494311
973,-0.39039652538379954,1.0009560954787189,1.7239140915716817,2.894878587267393
974,-1.6526972013239116,1.9989535898839546,4.192867283473468,-0.027652628365026688
975,2.0046412967642677,4.228253400009548,6.299425424926244,-2.7183997356803715
976,-2.544174730835473,6.4961878756487454,5.68386999444019,-1.1148332643727192
977,1.3065153549529978,1.4922172014562398,3.833278650525647,1.1976382185779462
978,1.0980223376565075,1.6210461352346577,5.17916651011897,1.0299233858420644
979,2.8636921553942054,7.555325344340037,6.892261662277258,2.095980319102036
980,0.6493905599873031,-0.33666418535066484,2.6214930306563344,1.1848278323981725
981,1.120921590792416,0.8600689340986662,3.813285840519571,-0.3318909441173108
982,-0.5631346294338151,-0.43781733363266573,3.085173344507643,-1.2788371351948995
983,0.043410831347358236,0.8826463752584224,0.8109545141701057,2.626670159257175
984,-0.8688313762748949,0.6165917300827412,3.649538461903962,0.3465671900186499
985,2.3327077596681356,4.4618960998778485,5.851477073616317,-2.4210991508651967
986,0.5437868446157688,0.11283014318415424,2.9598331841164303,0.895721998975575
987,-2.8177710168849615,6.941733360966903,6.588758469812754,2.3481527469531
988,-0.08216634975519099,0.7062898305234516,1.8752187633745039,3.6347713120799297
989,1.659818777861167,3.648853407296511,4.766852867161044,-3.739047017394568
990,2.764877439600615,8.401795202361239,6.253877081956917,2.635437178704489
991,-0.9310081342423562,0.185286513476965,3.3575970944898588,-1.0232422470790443
992,-0.09003039078736341,0.5157812575694388,0.5430081443356487,1.981834446709539
993,-2.923118164111476,7.896159118891794,6.951315102798855,3.056380601271063
994,0.7773033480056561,1.38055935819907,2.8373688251526703,3.0224054167291934
995,1.512886444576325,2.267112796056672,5.065464320545519,-0.3071589797482701
996,2.9187457497295437,9.134760238690742,6.4704164296994335,0.7217024459830574
997,-0.28711202488979826,0.8060162749050828,2.8064713242036365,2.4140928068674805
998,2.4287346355185964,6.565277169254035,7.053747729588089,2.094249616304304
999,-0.9418196980857894,0.3402818509134031,3.605757988560515,-0.23497083017013387
